{
    "revenues": [
      120000000.0,
      138000000.0,
      154560000.0,
      170016000.0,
      183617280.0
    ],
    "fcfs": [
      17280000.0,
      19872000.0,
      22256640.0,
      24482304.0,
      26440888.32
    ],
    "discounted_fcfs": [
      15709090.909090908,
      16423140.495867766,
      16721743.050338086,
      16721743.050338088,
      16417711.358513758
    ],
    "terminal_value": 389058785.28,
    "pv_terminal_value": 241574895.70384526,
    "enterprise_value": 323568324.5679939
  }